disp_x,disp_y,disp_z,eta,id,temperature,x,y,z
-0.00031669053589429,0.0014537248961595,0.00038794677614222,1,0,885.69646168776,1.0914,0.5215,1.76
-0.00030198799969464,0.0014608569360476,0.00038811928198932,1,0.0058571771207723,885.71742281224,1.0966848484848,0.52402525252525,1.76
-0.00028728480160888,0.0014679892969819,0.00038828479687726,1,0.011714354241545,885.73838393671,1.1019696969697,0.52655050505051,1.76
-0.00027258093478349,0.0014751219854786,0.00038844329374394,1,0.017571531362317,885.75934506119,1.1072545454545,0.52907575757576,1.76
-0.0002578763638628,0.0014822550295168,0.00038859458105168,1,0.02342870848309,885.78030618567,1.1125393939394,0.53160101010101,1.76
-0.00024317101881361,0.0014893884248067,0.00038873896029624,1,0.029285885603862,885.80126731014,1.1178242424242,0.53412626262626,1.76
-0.00022846495945796,0.0014965221182321,0.0003888769810887,0.97107923562529,0.035143062724634,885.82222843462,1.1231090909091,0.53665151515152,1.76
-0.00021375807712685,0.0015036561120996,0.00038900625708094,0.41996426189843,0.041000239845407,885.8431895591,1.1283939393939,0.53917676767677,1.76
-0.00019905069024938,0.0015107903944552,0.00038912917370971,0.0042317338931029,0.046857416966179,885.86415068357,1.1336787878788,0.54170202020202,1.76
-0.00018434263007108,0.0015179250157951,0.00038924474389952,0,0.052714594086952,885.88511180805,1.1389636363636,0.54422727272727,1.76
-0.00016963386360543,0.0015250599823752,0.00038935331136065,0,0.058571771207724,885.90607293253,1.1442484848485,0.54675252525253,1.76
-0.00015492436493132,0.0015321953027296,0.00038945490297059,0,0.064428948328496,885.927034057,1.1495333333333,0.54927777777778,1.76
-0.00014021411343936,0.001539330984722,0.0003895494605413,0,0.070286125449269,885.94799518148,1.1548181818182,0.55180303030303,1.76
-0.00012550306199751,0.0015464670497733,0.00038963661732618,0,0.076143302570041,885.96895630596,1.160103030303,0.55432828282828,1.76
-0.00011079126071388,0.0015536034732738,0.00038971686814233,0,0.082000479690813,885.98991743043,1.1653878787879,0.55685353535354,1.76
-9.6078710190547e-05,0.0015607402545934,0.00038979023181483,0,0.087857656811586,886.01087855491,1.1706727272727,0.55937878787879,1.76
-8.1364510202008e-05,0.0015678778229358,0.00038984848737854,0,0.093714833932358,886.03183967939,1.1759575757576,0.56190404040404,1.76
-6.6649428671002e-05,0.001575015811823,0.00038989867850055,0,0.099572011053131,886.05280080386,1.1812424242424,0.56442929292929,1.76
-5.1934347141152e-05,0.0015821538007126,0.00038994886962257,0,0.1054291881739,886.07376192834,1.1865272727273,0.56695454545455,1.76
-3.7219265612445e-05,0.0015892917896045,0.00038999906074458,0,0.11128636529468,886.09472305282,1.1918121212121,0.5694797979798,1.76
-2.2504184084863e-05,0.0015964297784989,0.00039004925186659,0,0.11714354241545,886.11568417729,1.197096969697,0.57200505050505,1.76
-7.7861845950088e-06,0.0016035691585587,0.00039007247247687,0,0.12300071953622,886.13664530177,1.2023818181818,0.5745303030303,1.76
6.932445056523e-06,0.0016107088390562,0.00039008986854071,0,0.12885789665699,886.15760642625,1.2076666666667,0.57705555555556,1.76
2.1651074706943e-05,0.0016178485195561,0.00039010726460456,0,0.13471507377777,886.17856755072,1.2129515151515,0.57958080808081,1.76
3.6369704356269e-05,0.0016249882000582,0.0003901246606684,0,0.14057225089854,886.1995286752,1.2182363636364,0.58210606060606,1.76
5.1088613024621e-05,0.00163212801355,0.00039013946432549,0,0.14642942801931,886.22048979968,1.2235212121212,0.58463131313131,1.76
6.5810735752412e-05,0.0016392693589393,0.00039012440579031,0,0.15228660514008,886.24145092415,1.2288060606061,0.58715656565657,1.76
8.0532858479124e-05,0.0016464107043309,0.00039010934725512,0,0.15814378226085,886.26241204863,1.2340909090909,0.58968181818182,1.76
9.5254981204771e-05,0.0016535520497248,0.00039009428871994,0,0.16400095938163,886.28337317311,1.2393757575758,0.59220707070707,1.76
0.00010997710392937,0.0016606933951208,0.00039007923018476,0,0.1698581365024,886.30433429758,1.2446606060606,0.59473232323232,1.76
0.00012470038718949,0.0016678352936168,0.00039005332863922,0,0.17571531362317,886.32529542206,1.2499454545455,0.59725757575758,1.76
0.0001394259499629,0.001674978278504,0.00039000612936104,0,0.18157249074394,886.34625654654,1.2552303030303,0.59978282828283,1.76
0.00015415151273528,0.0016821212633934,0.00038995893008286,0,0.18742966786472,886.36721767101,1.2605151515152,0.60230808080808,1.76
0.00016887707550664,0.001689264248285,0.00038991173080468,0,0.19328684498549,886.38817879549,1.2658,0.60483333333333,1.76
0.00018360263827699,0.0016964072331786,0.0003898645315265,0,0.19914402210626,886.40913991997,1.2710848484848,0.60735858585859,1.76
0.00019833021923342,0.0017035511798911,0.00038979839157334,0,0.20500119922703,886.43010104444,1.2763696969697,0.60988383838384,1.76
0.00021305917481017,0.0017106957817152,0.00038971935080634,0,0.21085837634781,886.45106216892,1.2816545454545,0.61240909090909,1.76
0.00022778813038592,0.0017178403835415,0.00038964031003935,0,0.21671555346858,886.4720232934,1.2869393939394,0.61493434343434,1.76
0.00024251708596071,0.0017249849853698,0.00038956126927236,0,0.22257273058935,886.49298441787,1.2922242424242,0.6174595959596,1.76
0.00025724604153452,0.0017321295872001,0.00038948222850536,0,0.22842990771012,886.51394554235,1.2975090909091,0.61998484848485,1.76
0.00027197785387048,0.0017392755504743,0.00038937629840898,0,0.2342870848309,886.53490666683,1.3027939393939,0.6225101010101,1.76
0.00028671016117229,0.0017464217496359,0.00038926570942944,0,0.24014426195167,886.5558677913,1.3080787878788,0.62503535353535,1.76
0.00030144246847315,0.0017535679487995,0.0003891551204499,0,0.24600143907244,886.57682891578,1.3133636363636,0.62756060606061,1.76
0.00031617477577306,0.001760714147965,0.00038904453147036,0,0.25185861619321,886.59779004026,1.3186484848485,0.63008585858586,1.76
0.00033090744717269,0.0017678605206494,0.00038893051023317,0,0.25771579331399,886.61875116473,1.3239333333333,0.63261111111111,1.76
0.00034564307028491,0.0017750083000129,0.00038878866415858,0,0.26357297043476,886.63971228921,1.3292181818182,0.63513636363636,1.76
0.00036037869339619,0.0017821560793783,0.00038864681808399,0,0.26943014755553,886.66067341369,1.334503030303,0.63766161616162,1.76
0.00037511431650656,0.0017893038587456,0.00038850497200939,0,0.2752873246763,886.68163453816,1.3397878787879,0.64018686868687,1.76
0.00038984993961603,0.0017964516381149,0.0003883631259348,0,0.28114450179707,886.70259566264,1.3450727272727,0.64271212121212,1.76
0.00040458676856086,0.0018035999921357,0.00038820990580065,0,0.28700167891785,886.72355678712,1.3503575757576,0.64523737373737,1.76
0.00041932567473474,0.001810749336077,0.00038803709217936,0,0.29285885603862,886.74451791159,1.3556424242424,0.64776262626263,1.76
0.00043406458090774,0.0018178986800201,0.00038786427855807,0,0.29871603315939,886.76547903607,1.3609272727273,0.65028787878788,1.76
0.00044880348707985,0.001825048023965,0.00038769146493678,0,0.30457321028016,886.78644016055,1.3662121212121,0.65281313131313,1.76
0.00046354239325109,0.0018321973679118,0.00038751865131549,0,0.31043038740094,886.80740128502,1.371496969697,0.65533838383838,1.76
0.00047828333055943,0.0018393476797974,0.00038732666958948,0,0.31628756452171,886.8283624095,1.3767818181818,0.65786363636364,1.76
0.00049302548773566,0.0018464985730121,0.00038712317580838,0,0.32214474164248,886.84932353398,1.3820666666667,0.66038888888889,1.76
0.00050776764491103,0.0018536494662286,0.00038691968202727,0,0.32800191876325,886.87028465845,1.3873515151515,0.66291414141414,1.76
0.00052250980208555,0.0018608003594469,0.00038671618824617,0,0.33385909588403,886.89124578293,1.3926363636364,0.66543939393939,1.76
0.00053725195925924,0.001867951252667,0.00038651269446507,0,0.3397162730048,886.91220690741,1.3979212121212,0.66796464646465,1.76
0.0005519969548284,0.0018751034984941,0.00038628238411667,0,0.34557345012557,886.93316803188,1.4032060606061,0.6704898989899,1.76
0.00056674232920908,0.0018822559248416,0.00038604849482929,0,0.35143062724634,886.95412915636,1.4084909090909,0.67301515151515,1.76
0.00058148770358894,0.0018894083511909,0.00038581460554191,0,0.35728780436712,886.97509028084,1.4137757575758,0.6755404040404,1.76
0.00059623307796798,0.0018965607775418,0.00038558071625453,0,0.36314498148789,886.99605140531,1.4190606060606,0.67806565656566,1.76
0.00061097889669547,0.0019037134156382,0.0003853426189738,0,0.36900215860866,887.01701252979,1.4243454545455,0.68059090909091,1.76
0.0006257274509771,0.0019108673572976,0.00038507861595156,0,0.37485933572943,887.03797365427,1.4296303030303,0.68311616161616,1.76
0.00064047600525793,0.0019180212989586,0.00038481461292933,0,0.38071651285021,887.05893477874,1.4349151515152,0.68564141414141,1.76
0.00065522455953797,0.0019251752406214,0.0003845506099071,0,0.38657368997098,887.07989590322,1.4402,0.68816666666667,1.76
0.00066997311381721,0.0019323291822858,0.00038428660688487,0,0.39243086709175,887.1008570277,1.4454848484848,0.69069191919192,1.76
0.00068472291486574,0.0019394837180504,0.00038401075293308,0,0.39828804421252,887.12181815217,1.4507696969697,0.69321717171717,1.76
0.00069947460789053,0.001946639155363,0.00038371691516253,0,0.4041452213333,887.14277927665,1.4560545454545,0.69574242424242,1.76
0.00071422630091455,0.0019537945926773,0.00038342307739197,0,0.41000239845407,887.16374040113,1.4613393939394,0.69826767676768,1.76
0.00072897799393779,0.0019609500299931,0.00038312923962142,0,0.41585957557484,887.1847015256,1.4666242424242,0.70079292929293,1.76
0.00074372968696029,0.0019681054673106,0.00038283540185087,0,0.42171675269561,887.20566265008,1.4719090909091,0.70331818181818,1.76
0.00075848340682272,0.0019752618704078,0.00038252221168134,0,0.42757392981638,887.22662377456,1.4771939393939,0.70584343434343,1.76
0.00077323819566847,0.0019824187828714,0.00038219881478651,0,0.43343110693716,887.24758489903,1.4824787878788,0.70836868686869,1.76
0.00078799298451347,0.0019895756953366,0.00038187541789169,0,0.43928828405793,887.26854602351,1.4877636363636,0.71089393939394,1.76
0.00080274777335773,0.0019967326078034,0.00038155202099686,0,0.4451454611787,887.28950714799,1.4930484848485,0.71341919191919,1.76
0.00081750256220127,0.0020038895202717,0.00038122862410203,0,0.45100263829947,887.31046827246,1.4983333333333,0.71594444444444,1.76
0.00083226013960807,0.0020110477614356,0.0003808785089822,0,0.45685981542025,887.33142939694,1.5036181818182,0.7184696969697,1.76
0.00084701798547032,0.0020182061305149,0.00038052582168803,0,0.46271699254102,887.35239052141,1.508903030303,0.72099494949495,1.76
0.00086177583133186,0.0020253644995957,0.00038017313439387,0,0.46857416966179,887.37335164589,1.5141878787879,0.7235202020202,1.76
0.00087653367719268,0.0020325228686781,0.0003798204470997,0,0.47443134678256,887.39431277037,1.5194727272727,0.72604545454545,1.76
0.00089129203780611,0.0020396814830253,0.00037946283283257,0,0.48028852390334,887.41527389484,1.5247575757576,0.72857070707071,1.76
0.0009060529175861,0.0020468412976763,0.00037908110629899,0,0.48614570102411,887.43623501932,1.5300424242424,0.73109595959596,1.76
0.00092081379736539,0.0020540011123287,0.00037869937976542,0,0.49200287814488,887.4571961438,1.5353272727273,0.73362121212121,1.76
0.00093557467714398,0.0020611609269827,0.00037831765323185,0,0.49786005526565,887.47815726827,1.5406121212121,0.73614646464646,1.76
0.00095033555692188,0.002068320741638,0.00037793592669827,0,0.50371723238643,887.49911839275,1.545896969697,0.73867171717172,1.76
0.00096509773808463,0.0020754811763556,0.00037754188632283,0,0.5095744095072,887.52007951723,1.5511818181818,0.74119696969697,1.76
0.00097986166454367,0.0020826424426424,0.00037713133177025,0,0.51543158662797,887.5410406417,1.5564666666667,0.74372222222222,1.76
0.00099462559100203,0.0020898037089306,0.00037672077721768,0,0.52128876374874,887.56200176618,1.5617515151515,0.74624747474747,1.76
0.0010093895174597,0.0020969649752202,0.0003763102226651,0,0.52714594086952,887.58296289066,1.5670363636364,0.74877272727273,1.76
0.0010241534439167,0.0021041262415113,0.00037589966811253,0,0.53300311799029,887.60392401513,1.5723212121212,0.75129797979798,1.76
0.0010389195119616,0.0021112885282128,0.00037546947191152,0,0.53886029511106,887.62488513961,1.5776060606061,0.75382323232323,1.76
0.0010536865665102,0.0021184512849585,0.00037503022795375,0,0.54471747223183,887.64584626409,1.5828909090909,0.75634848484848,1.76
0.0010684536210582,0.0021256140417055,0.00037459098399599,0,0.55057464935261,887.66680738856,1.5881757575758,0.75887373737374,1.76
0.0010832206756054,0.0021327767984539,0.00037415174003823,0,0.55643182647338,887.68776851304,1.5934606060606,0.76139898989899,1.76
0.0010979877301521,0.0021399395552036,0.00037371249608046,0,0.56228900359415,887.70872963752,1.5987454545455,0.76392424242424,1.76
0.0011127579192309,0.0021471038056454,0.00037324626036595,0,0.56814618071492,887.72969076199,1.6040303030303,0.76644949494949,1.76
0.0011275283009064,0.0021542681478665,0.00037277836617761,0,0.57400335783569,887.75065188647,1.6093151515152,0.76897474747475,1.76
0.0011422986825813,0.0021614324900889,0.00037231047198927,0,0.57986053495647,887.77161301095,1.6146,0.7715,1.76
